,color,age,weight,height,type_bar,type_foo,type_foobar,price
0,#e51e32,41,43.56909022186655,68.7845668475249,1.0,0.0,0.0,255.11972426404373
1,#f51a2f,71,84.26121799148964,60.54241248813433,0.0,0.0,1.0,411.43005788198377
2,#21e308,90,71.5740718046135,45.59546918036845,1.0,0.0,0.0,318.4636930698807
3,#0630cf,32,23.125697994546748,83.43187410043811,0.0,1.0,0.0,215.71208175730655
4,#04d82b,44,54.253465832375184,20.64601739716509,0.0,0.0,1.0,348.8031004107932
5,#160fd5,91,77.33541835618217,66.63280159814141,0.0,1.0,0.0,250.19524073579143
6,#32fd0e,41,29.86340232793621,24.692259252128377,0.0,0.0,1.0,298.83541679496767
7,#d10d17,22,48.73151952187789,84.18138494296922,0.0,0.0,1.0,369.2492458167337
8,#1bf00e,31,81.24065932816916,88.16569091107026,1.0,0.0,0.0,303.90098527811097
9,#24e512,39,79.53115762315761,27.57151967673684,1.0,0.0,0.0,292.2701076682568
10,#2ad229,75,14.809061900676204,69.65571987191983,1.0,0.0,0.0,302.85594234252926
11,#d30127,21,43.18819838469128,73.63611053419014,1.0,0.0,0.0,247.53790571757952
12,#32d125,54,31.035084064143035,25.53899320391393,0.0,1.0,0.0,109.44503912308768
13,#d40b02,27,62.196351224764506,84.01826934988276,0.0,1.0,0.0,174.27569170486444
14,#1d29d7,40,35.29457661369019,29.766021543552704,1.0,0.0,0.0,226.8063029088593
15,#28d024,55,51.146441260715385,83.14003950294945,1.0,0.0,0.0,315.6033826575846
16,#ee102e,70,22.527483343430337,19.84360932277462,0.0,0.0,1.0,287.05382909513366
17,#212ef9,81,37.63079073768215,82.41157974596901,1.0,0.0,0.0,353.988155389428
18,#26f416,47,48.61281814512401,62.76282987686588,0.0,0.0,1.0,367.81553314971774
19,#1623f3,52,80.28141909123073,13.132939802864223,1.0,0.0,0.0,327.3118645936881
20,#1ae631,86,79.12863765859821,64.03011860655765,1.0,0.0,0.0,331.8980083461659
21,#fc0714,22,45.691021078513856,59.01050273038999,0.0,0.0,1.0,322.5355838845511
22,#1110e3,82,61.85013240071456,57.77827255163574,1.0,0.0,0.0,314.04290414331155
23,#1c32f5,79,25.5215281899384,56.03954013416648,0.0,0.0,1.0,399.397937741336
24,#2026fb,81,70.37621875239655,59.67249714737336,0.0,0.0,1.0,428.61693165268935
25,#04d12c,97,23.393389767215567,54.85628668802203,0.0,0.0,1.0,390.08047288951167
26,#0b04dc,49,14.057812739521747,24.03461580871404,0.0,0.0,1.0,309.7146468631046
27,#2df508,62,87.4950123392806,43.14773601850576,1.0,0.0,0.0,326.6301115291435
28,#270fcb,79,69.39675436157819,73.66592502772718,0.0,0.0,1.0,436.8056974612575
29,#28e90e,24,71.62088737810419,73.28268279971883,1.0,0.0,0.0,270.9684039859252
30,#302ffb,33,60.17293648329277,22.814364014664022,0.0,0.0,1.0,370.8243628175761
31,#161ede,66,81.29576950997046,76.26171114482699,0.0,1.0,0.0,240.2737317321987
32,#f4081f,69,79.2654578908074,12.299385327660044,0.0,0.0,1.0,397.6219243591158
33,#fc2208,69,42.09538002531139,59.58617780947094,0.0,1.0,0.0,159.0044423544341
34,#0e03ee,75,31.65837091039875,86.24914216057337,0.0,0.0,1.0,455.370907582232
35,#07f61a,39,35.32723399824975,18.573831926889667,1.0,0.0,0.0,205.80859557692548
36,#0a28f5,28,38.18255765521159,21.50879843594451,1.0,0.0,0.0,223.71923557120013
37,#1f23f1,40,15.188352008243536,50.86634033943062,0.0,0.0,1.0,356.66150041016067
38,#f41d0b,71,14.109858272366544,64.6974115890579,1.0,0.0,0.0,269.7249584732969
39,#fb1f31,69,68.98330763027384,46.03103902291788,1.0,0.0,0.0,275.75840355255
40,#d4100b,78,72.12288380503183,15.136359990572332,0.0,1.0,0.0,190.18190882536447
41,#ca090e,43,88.06988053914299,62.61167815839559,0.0,1.0,0.0,195.70327651126576
42,#0811cd,57,74.25941206596224,83.8778883145893,0.0,0.0,1.0,436.1731048219217
43,#f42f1a,20,70.59715971813335,11.95264150877641,0.0,0.0,1.0,340.859060512203
44,#ea1c1f,40,38.76023847920273,17.497708732545476,1.0,0.0,0.0,193.2527095072324
45,#2ddd1e,97,68.65596779167453,73.54318713141735,0.0,1.0,0.0,228.9100301977167
46,#2726d4,85,52.37504402790029,37.23677063893924,1.0,0.0,0.0,297.3869710183341
47,#0ae20e,97,14.761402407851376,43.67915715788883,0.0,1.0,0.0,168.00928011030993
48,#27cc12,76,64.77119798835682,38.593590293775165,1.0,0.0,0.0,292.9887634681704
49,#11fe2e,49,85.40362611034362,58.72795613263857,0.0,1.0,0.0,214.42411890160625
50,#d40f04,93,71.4531434351224,17.391385821214442,0.0,0.0,1.0,400.7743898084464
51,#01d912,45,29.6904242579166,47.81350269078256,0.0,0.0,1.0,336.52498549562654
52,#02ca24,70,57.1792227160973,84.47954082731877,0.0,1.0,0.0,228.47108296752648
53,#1ad601,47,58.550309557431206,89.81821355872273,0.0,0.0,1.0,418.8994794770233
54,#0f14cd,74,76.92166738609569,82.55506288672892,0.0,0.0,1.0,448.1396592054317
55,#2f29f1,59,77.73675450127418,70.2308301803148,0.0,0.0,1.0,424.1662993055832
56,#fe0626,74,61.89965807332533,51.65969246422472,0.0,0.0,1.0,367.7749951838805
57,#2cdc1d,95,79.17703023821466,13.780100651005087,1.0,0.0,0.0,337.71491367056456
58,#f6320c,58,80.23289187886563,24.43847002422915,0.0,1.0,0.0,192.216052352326
59,#c92d28,29,21.997718446286317,32.33172874606776,1.0,0.0,0.0,171.65118505059178
60,#24fe0a,74,32.464127238750955,58.81644593398421,0.0,0.0,1.0,379.6278423750942
61,#f4012c,48,45.53201313852311,41.7363580025983,0.0,1.0,0.0,114.0581591138806
62,#2e15c8,39,15.901297420826808,53.184749610332375,0.0,0.0,1.0,360.7391362581841
63,#0c19e1,35,55.1505104363278,47.8544938333168,1.0,0.0,0.0,262.66134593560537
64,#1df60d,62,56.83520232426388,84.13419003242312,1.0,0.0,0.0,321.72008341359816
65,#d22725,82,63.84934195516108,28.804877750002795,0.0,1.0,0.0,177.1512977062158
66,#0529d9,21,33.72343954295932,74.32664118630905,0.0,1.0,0.0,189.7724689649781
67,#30f009,41,26.01256694831016,26.069077155777496,0.0,1.0,0.0,88.99561295203304
68,#26ed21,69,67.56937237764419,81.5069319279007,0.0,1.0,0.0,221.02334595951567
69,#f11409,95,80.42274229315153,71.07634728994606,1.0,0.0,0.0,319.0959671673866
70,#ed280f,88,61.70064491562315,40.95844145792795,0.0,0.0,1.0,378.2092549959143
71,#e11e1c,46,18.19790026632134,31.997584718856277,0.0,0.0,1.0,286.3310691708318
72,#0605de,98,63.4329055615493,60.386410335527856,1.0,0.0,0.0,331.1519635068889
73,#e41b02,30,20.17703726738821,45.73644506336151,0.0,1.0,0.0,99.6600544950926
74,#1f07d1,68,34.9856956715563,38.4991674803934,0.0,0.0,1.0,356.04409421568664
75,#1329cd,54,60.99802970202302,21.952687414380478,1.0,0.0,0.0,289.8784916484639
76,#2425ce,36,17.583098274903755,33.899440877290125,0.0,1.0,0.0,120.5838469517947
77,#d03124,81,72.63552233004674,49.122732318947975,0.0,1.0,0.0,194.01497546250107
78,#0b17d1,39,88.51150388746517,19.359928036011706,0.0,0.0,1.0,429.9142440094869
79,#192eec,99,14.31774995712865,89.61046487752826,0.0,1.0,0.0,281.7644527703495
80,#2a20ce,56,58.60370742195039,61.35456529619715,0.0,1.0,0.0,190.8751889653206
81,#2ccf1f,73,60.19975213720967,72.80251995427477,0.0,1.0,0.0,206.74480756632465
82,#30d632,68,42.30343469518934,33.86676973337859,0.0,1.0,0.0,142.79577578773507
83,#03d601,94,33.02484300081844,15.777191913668132,1.0,0.0,0.0,244.9084180798625
84,#e80824,52,38.25144413357437,88.58918987964063,1.0,0.0,0.0,305.10822201991635
85,#d01f29,94,28.147048733902302,32.67115204765783,1.0,0.0,0.0,225.94170317272304
86,#f71f17,78,29.604416484002574,28.693084934816117,0.0,1.0,0.0,105.37179701842167
87,#0e20e6,92,79.56415658904722,14.46609276001209,1.0,0.0,0.0,358.45351072800264
88,#f22126,86,41.91278230498593,60.33593981316131,0.0,1.0,0.0,172.75189510735885
89,#27c922,23,16.319193477153497,25.68389775057801,0.0,0.0,1.0,271.36095653261265
90,#3207fc,35,15.329367133256191,28.34760362567064,1.0,0.0,0.0,209.3571125338948
91,#0326d3,39,71.43625367678762,68.37767427027885,0.0,0.0,1.0,396.0463926587295
92,#1e2dd6,95,13.003344750996062,17.20602970277067,1.0,0.0,0.0,234.6518597908016
93,#cf0f18,57,37.98196494027228,39.38019568249097,0.0,1.0,0.0,108.07063854517718
94,#29cf14,86,83.92754096598895,36.71413604860418,0.0,0.0,1.0,443.0914315481039
95,#db142d,96,89.8826126100649,63.38398474100366,0.0,0.0,1.0,441.42650668200736
96,#0def15,72,48.49708876417766,11.173978431142242,0.0,1.0,0.0,157.94019107671738
97,#d21627,26,29.76546439457855,82.45457852880745,0.0,0.0,1.0,372.6824695896197
98,#0a0def,57,25.516587909259854,13.025759710448792,1.0,0.0,0.0,220.5730523088304
99,#0606e3,83,37.12755413457653,66.23585380806546,1.0,0.0,0.0,323.7242021463546
100,#0eee15,29,60.29106857908003,23.08109525790208,0.0,1.0,0.0,147.14377784946444
101,#2bd108,51,22.18987764494061,68.65752336257871,1.0,0.0,0.0,282.2928539724072
102,#02f80e,97,30.92821346879104,36.301546721481365,1.0,0.0,0.0,252.7661581510545
103,#1f30d2,71,49.7932500555266,48.18344645906255,0.0,0.0,1.0,379.9484849265813
104,#2b03fe,75,81.74906406716849,14.630740231157784,0.0,1.0,0.0,247.00611256988503
105,#1701e4,84,25.388007364636287,46.18057920504482,0.0,1.0,0.0,183.9391235768261
106,#e7041c,22,89.94443557044906,14.547020137414036,1.0,0.0,0.0,283.1966132369071
107,#0dd11c,69,18.33210720072791,66.86075514363421,1.0,0.0,0.0,292.13729142987034
108,#d51211,87,34.95341495445784,48.94101854585712,1.0,0.0,0.0,250.49574470613632
109,#da1a1a,57,45.83979659688501,62.53371618560006,1.0,0.0,0.0,255.83911701754167
110,#02dd2f,27,10.032414609288134,65.0875858298781,1.0,0.0,0.0,255.3777720348652
111,#22d70c,54,52.96758229913303,30.10529223702683,0.0,0.0,1.0,355.8734538586701
112,#f21b06,70,50.75748671609112,82.87753531530123,0.0,1.0,0.0,205.93904931870009
113,#080bde,76,14.522017533219378,11.98585648334042,1.0,0.0,0.0,214.22921212042485
114,#180ee6,63,19.12267593114233,36.21125780065745,0.0,0.0,1.0,348.4980367658809
115,#101ae9,40,40.08308621452634,62.78139725818856,0.0,1.0,0.0,180.34209316194
116,#e51603,46,38.79212876757608,73.72869622561771,0.0,1.0,0.0,169.28846105219
117,#27e704,29,25.103356940861072,39.177633329243086,0.0,0.0,1.0,304.36536540702
118,#de032a,31,42.72198225255526,57.28535020288072,0.0,1.0,0.0,124.51465111864728
119,#26f91e,29,70.66682055918301,84.85441895080459,1.0,0.0,0.0,296.3138404368237
120,#2f13ef,97,25.663997359942563,55.30923643236255,0.0,1.0,0.0,213.2716197178324
121,#1815e1,78,32.80144199715683,56.4336101066411,1.0,0.0,0.0,299.66016229231565
122,#d0300c,59,80.80087749094842,36.32371632835212,0.0,1.0,0.0,193.41289261470564
123,#32e71a,28,14.982955750453346,87.00229671380677,0.0,0.0,1.0,403.5402964119291
124,#1031e2,82,37.42159786038796,28.755607976628205,0.0,0.0,1.0,365.8072905557633
125,#07f722,36,52.30410488802934,85.30917589900349,0.0,1.0,0.0,204.2412717708976
126,#d30510,64,57.19904673142646,44.97027031920504,1.0,0.0,0.0,249.78935807441172
127,#c92812,56,26.406136856835467,38.04023926241288,0.0,1.0,0.0,105.11507493831222
128,#16d61b,34,65.42617629474684,36.402208170539424,1.0,0.0,0.0,261.7447854070598
129,#2712ca,30,68.1133846052358,43.22327565904355,0.0,0.0,1.0,381.65148610035646
130,#2dde16,82,42.39197887788045,14.577490663413064,0.0,0.0,1.0,355.7074918509838
131,#0521f4,28,83.31025183032071,50.273705832843305,0.0,0.0,1.0,415.3256149890068
132,#30ef0b,88,63.86377402337508,82.43174592614038,1.0,0.0,0.0,338.93671637147816
133,#0fdb1a,27,44.320447429323664,38.86837336393111,0.0,1.0,0.0,114.70739240795518
134,#01ca12,76,28.76304973657448,47.017625232225896,0.0,1.0,0.0,158.01815175510364
135,#ea2f31,92,22.351468417939486,86.05489023176332,0.0,0.0,1.0,431.64602335167024
136,#1229ce,68,74.74585254980113,60.70777870708891,1.0,0.0,0.0,329.0247369492185
137,#23e612,75,16.90685431286945,81.37495159174337,1.0,0.0,0.0,328.0401195884372
138,#2924f9,79,24.229437961479228,61.00520601448231,0.0,0.0,1.0,406.7727611614529
139,#202cca,29,57.83265676128696,14.90412723954358,0.0,1.0,0.0,161.51232428594545
140,#0c06db,67,26.394417120370115,81.64298395705934,0.0,1.0,0.0,241.5475936404225
141,#f82028,42,40.607855506797286,80.68414005191286,0.0,0.0,1.0,375.9236565852529
142,#0e22f0,87,17.85674846307988,49.37738613172401,0.0,1.0,0.0,192.739366928398
143,#dd282e,64,67.01264183045421,26.20454287955021,1.0,0.0,0.0,269.83042551149055
144,#e12103,90,20.370628200025163,70.37053577844057,1.0,0.0,0.0,297.1010349329481
145,#1bdd0c,58,21.24335486111445,10.634173822077662,0.0,0.0,1.0,295.0112184585776
146,#102ce3,27,22.00434213290872,27.040012864038783,0.0,0.0,1.0,300.9505843122249
147,#2c06ee,24,27.300070649529676,14.584540117187634,0.0,1.0,0.0,98.28670317670972
148,#01df13,70,36.02035205123502,68.86671359110285,0.0,1.0,0.0,196.68942909642925
149,#1dc82e,43,73.11630706676091,77.76736124211281,0.0,1.0,0.0,192.35343096463012
150,#0d1dda,79,82.26984961847944,21.94027554448228,1.0,0.0,0.0,350.8827975600032
151,#2ef022,47,15.58206021293623,31.33672908587406,0.0,0.0,1.0,302.1590662784822
152,#e60a0e,28,68.90176671892402,14.913559841185895,0.0,0.0,1.0,343.0719108124048
153,#1901da,65,26.162567648588876,63.03973940590035,0.0,1.0,0.0,202.36847970883883
154,#e10832,43,53.387209493400206,72.62580069449616,0.0,1.0,0.0,163.22370046579144
155,#2f25fa,97,35.136240635304915,73.38968158432996,0.0,0.0,1.0,448.58241942983295
156,#d13131,90,32.904224667949094,82.8752945268624,0.0,1.0,0.0,222.8310317471138
157,#fd1f0c,56,33.01763523855655,19.14065915363843,0.0,1.0,0.0,95.1210131559792
158,#13db22,40,32.52192275378654,87.82736909021142,1.0,0.0,0.0,309.41163375679946
159,#19e025,71,52.8804606030414,18.38106326503113,0.0,1.0,0.0,165.89864678018077
160,#2c1ff9,95,53.88686692551518,12.939085401561208,1.0,0.0,0.0,308.93171840807776
161,#eb2532,56,35.287302776800296,54.34529205389288,0.0,1.0,0.0,138.0739708759208
162,#ca2130,23,23.80965459577933,68.53558125451266,1.0,0.0,0.0,239.3172166844564
163,#c9211c,46,84.2921955438254,74.06144449434346,0.0,0.0,1.0,389.0923337330263
164,#0fe002,39,32.10877326658916,68.94630616178225,0.0,1.0,0.0,173.82665551602247
165,#cc0f2b,77,87.08436312529295,63.4423919776314,1.0,0.0,0.0,320.8597622982249
166,#14d922,33,10.67601675997575,73.6431586874443,0.0,1.0,0.0,176.9435192164303
167,#281fd2,29,88.6704071990666,27.78341951602648,1.0,0.0,0.0,324.0807671218736
168,#2418f8,89,72.68418810811933,50.75333852257963,1.0,0.0,0.0,340.6872726598923
169,#171bde,41,32.98683332390706,56.42001661575576,0.0,0.0,1.0,370.4215299415106
170,#1ccc0f,92,20.043952595580752,33.12099153219451,0.0,1.0,0.0,144.5193914610434
171,#13c823,99,67.68072063418359,71.16200452129098,1.0,0.0,0.0,324.5817774288077
172,#f01831,30,17.050190093726492,47.20772897782031,0.0,0.0,1.0,303.6182209773403
173,#2c1ff2,80,41.8588871762132,85.14453741360572,1.0,0.0,0.0,358.5339585581117
174,#1dd809,91,67.30745830101228,20.39131781924204,0.0,0.0,1.0,412.1858320941053
175,#2831e7,49,62.97924924547143,76.91295598153059,0.0,1.0,0.0,218.3194807247912
176,#1301de,46,52.933084715523805,16.844439799466304,0.0,0.0,1.0,365.7495233934639
177,#e10822,48,37.36632425651094,75.49944957605935,0.0,0.0,1.0,373.4178265187039
178,#2bd50b,28,20.45948975612502,35.297908512386,0.0,1.0,0.0,97.02191153375075
179,#03cb2e,28,77.69541987617463,69.52316075495757,0.0,1.0,0.0,182.1500026781535
180,#e92d31,54,39.412472422172414,82.00046340091421,0.0,0.0,1.0,391.9088924189099
181,#17fa02,85,85.72985737886867,65.1860395614961,1.0,0.0,0.0,342.911213842842
182,#2ced0d,88,40.06107704195259,50.53498880386255,0.0,1.0,0.0,176.52791239261936
183,#1630fe,29,71.90936634532359,48.945737432855694,1.0,0.0,0.0,292.23158445263374
184,#ec1322,24,55.897755276740206,30.064936049876508,1.0,0.0,0.0,214.0559764848689
185,#1315fc,26,29.06478186246349,66.22459641290638,0.0,0.0,1.0,374.8085068875228
186,#1511dc,46,64.24440683376291,52.90533288096079,1.0,0.0,0.0,289.8289625649628
187,#d22b14,91,58.00545314313476,17.93642624711581,0.0,0.0,1.0,373.9440264283506
188,#29e80f,99,14.441033617568726,81.319592206962,1.0,0.0,0.0,343.93028233230547
189,#d7160a,51,28.776737554708163,26.213056836975817,0.0,1.0,0.0,82.30393573119431
190,#1ee60a,99,43.614185017987104,48.14087695331704,0.0,1.0,0.0,179.79494529942934
191,#2bde0c,76,60.98601196413674,26.186644960679047,1.0,0.0,0.0,288.58952580347284
192,#1028f0,58,29.9990680184197,56.1450082124826,0.0,0.0,1.0,382.5795260454515
193,#f51313,55,27.407779476239345,31.36265775802161,0.0,0.0,1.0,291.6629276028592
194,#24db29,54,43.31026932257143,75.12204614925727,1.0,0.0,0.0,297.4393208163701
195,#2616d9,71,82.78751389127477,80.36206482512442,1.0,0.0,0.0,346.26937735012604
196,#fa1928,70,30.73183434516575,21.447832739510343,0.0,0.0,1.0,303.2167462994155
197,#1ceb1f,36,32.20261358124255,19.784735056906698,0.0,0.0,1.0,297.2495644371183
198,#1be92f,68,21.720701014869142,28.06040197186836,0.0,1.0,0.0,114.58377284790367
199,#2e22c9,89,26.76494606777475,42.41729503393594,0.0,0.0,1.0,380.8234303824505
200,#0af616,24,39.907668348847416,19.960638509647357,0.0,1.0,0.0,103.58538162537424
201,#1718d9,93,45.80311210839856,76.57046396815818,0.0,0.0,1.0,450.5489667053061
202,#26cf0c,51,57.80424856385651,65.12844715216286,1.0,0.0,0.0,272.95864879010355
203,#2e08d0,85,20.684282654494,30.71011327322936,1.0,0.0,0.0,252.8583309450221
204,#e50a0d,28,40.774226473748165,75.36413845357802,1.0,0.0,0.0,256.8869932984496
205,#cb242e,84,58.379860443479,37.23382955829749,0.0,1.0,0.0,168.7850256766471
206,#1e2ee6,29,65.37321046433979,40.11352717806746,0.0,1.0,0.0,178.62194654071118
207,#1405ed,99,72.34980869832097,30.01077777482401,1.0,0.0,0.0,349.5069438625952
208,#16ce20,64,41.66141405508328,55.79204866315799,1.0,0.0,0.0,267.21125975723913
209,#1e31e4,64,81.99165403159932,55.126440435743575,1.0,0.0,0.0,339.48482766772315
210,#242fda,64,25.795931802981613,68.91645444752734,0.0,0.0,1.0,412.5808295252128
211,#2532ca,70,13.589795247174914,21.481180037526556,1.0,0.0,0.0,224.14255042499465
212,#0502d1,61,26.226186338174,69.49870866622946,1.0,0.0,0.0,311.5317626537104
213,#2506e5,20,48.22240175918287,64.77479217343941,0.0,0.0,1.0,370.2070381332749
214,#0225dc,50,70.52659067050222,72.54141053618079,1.0,0.0,0.0,308.53536815113137
215,#f32324,54,26.6372879660738,23.81360008093497,0.0,1.0,0.0,80.78479753067771
216,#2232ce,34,18.575981717539563,82.38185214969653,0.0,1.0,0.0,215.06210365488087
217,#cd171c,98,20.24861819501737,35.61942089258021,0.0,0.0,1.0,334.4149139383188
218,#0713eb,37,73.90505432292208,21.490244308253217,1.0,0.0,0.0,301.0719815482072
219,#ef1602,63,18.09008808427702,27.03838714302316,1.0,0.0,0.0,188.414527974524
220,#0cf82f,57,57.79500350849258,38.036710168627465,1.0,0.0,0.0,266.315046319016
221,#f5311b,62,77.90658992788495,16.973457254150944,0.0,1.0,0.0,189.6426743864968
222,#f72a2a,38,22.68178611745291,32.85237381237104,0.0,1.0,0.0,79.91845752829047
223,#2924ea,70,57.82992135805919,25.29655809726752,1.0,0.0,0.0,295.0086847238244
224,#11f830,48,79.45136313098227,21.369532764751504,1.0,0.0,0.0,299.19721299471627
225,#0604e7,43,46.88998090680212,57.99443702478684,0.0,0.0,1.0,372.74364423144414
226,#1f28e5,22,60.51611935208047,84.86765901644704,0.0,0.0,1.0,409.74378001253535
227,#112efd,53,25.70324281020443,37.50623952587526,0.0,1.0,0.0,140.5831675585394
228,#e00324,63,76.79496530765904,56.65395866594656,0.0,0.0,1.0,389.53643373899865
229,#25f801,91,42.077365972838095,78.10325199426975,0.0,1.0,0.0,233.79253120915536
230,#d90c2d,33,35.73856255381712,58.86513941981097,0.0,1.0,0.0,129.0207461448734
231,#01fc0c,22,54.24656076046696,18.914828026097787,0.0,0.0,1.0,328.70719181113617
232,#2bd225,91,36.05550305562979,31.798439568025,1.0,0.0,0.0,248.66932296244704
233,#db0f05,87,82.87970462750677,49.62142730974186,0.0,1.0,0.0,217.998083701552
234,#f02104,56,20.72974318723428,44.97602601275701,1.0,0.0,0.0,219.06302525045945
235,#0726dd,63,23.47007146850472,54.46408406322752,0.0,0.0,1.0,381.6564149600188
236,#1328ed,81,80.11307692387999,35.48560356998976,0.0,1.0,0.0,249.43253882800428
237,#0d07f7,56,15.881201166778869,82.62450776437615,0.0,1.0,0.0,232.58975079168317
238,#2616e1,70,25.089418253201323,68.42094411051744,0.0,0.0,1.0,418.67930620632586
239,#de1a03,81,33.965094389806545,86.01179902326,0.0,1.0,0.0,222.76386174827348
240,#272ce8,47,60.98896112810625,39.0287282139831,1.0,0.0,0.0,285.32637281477093
241,#2d15fa,45,45.32349980442534,44.08353274878784,0.0,1.0,0.0,151.42836912228844
242,#f71630,48,73.69160392142933,65.85449926676861,0.0,0.0,1.0,367.53898476161606
243,#0beb05,91,77.7073003020176,23.84346969590221,0.0,1.0,0.0,232.52913651758297
244,#1e19f1,90,81.33273612408303,26.20405804888536,0.0,0.0,1.0,458.7552628150167
245,#c80316,90,21.346007995157706,33.37785750956054,0.0,1.0,0.0,122.70782181263702
246,#2e22f6,77,48.50981976081995,22.735618297515558,1.0,0.0,0.0,282.6224013467842
247,#32eb31,51,50.51973046932141,41.47663346700058,0.0,1.0,0.0,145.48697863282013
248,#2f2ae9,46,38.89373314276453,30.74308339904772,1.0,0.0,0.0,237.49877751126792
249,#0b1eeb,73,49.43752743382254,12.218410122628276,1.0,0.0,0.0,280.82121312752264
250,#f30b07,23,37.18066852552028,14.412370620872316,0.0,0.0,1.0,276.7059656489635
251,#1824c9,64,25.312598562405604,20.148124493420774,0.0,1.0,0.0,125.95396812517016
252,#db2220,46,82.296035176949,88.14555286508464,0.0,0.0,1.0,397.6624414595227
253,#2904d4,42,27.68409198367092,56.21359769390595,0.0,0.0,1.0,367.8424704844365
254,#2ed630,26,66.95209533162964,39.72874503373032,1.0,0.0,0.0,257.85640920422463
255,#e40708,66,20.67546349475565,58.53352082860977,1.0,0.0,0.0,254.45771286838533
256,#03f020,50,44.20472177690929,84.87785391138877,0.0,1.0,0.0,213.97810749938537
257,#fa1c1e,89,85.76277613156124,45.13265143142631,0.0,0.0,1.0,427.5414398892136
258,#1cf420,32,37.40895834233257,80.66232778818733,0.0,1.0,0.0,191.51443524874836
259,#2c11f8,34,41.90084659086259,65.85349323389894,0.0,0.0,1.0,382.94207966688543
260,#0511e7,89,13.976997657707935,58.640392328074654,0.0,1.0,0.0,211.7594853092572
261,#0de007,96,32.18637789715089,80.78482949035711,1.0,0.0,0.0,342.74016048831925
262,#052cd5,30,88.81318174889597,28.29901116427857,0.0,1.0,0.0,224.97143951611665
263,#160dc9,61,61.07602991678934,12.645022440015063,1.0,0.0,0.0,295.02896382515075
264,#ee1a20,66,40.97015721950355,80.97046182617122,0.0,1.0,0.0,198.7499533598225
265,#0311e9,50,30.93200165227551,33.36871680471012,0.0,0.0,1.0,332.4532522473454
266,#18ed06,52,33.39111828158864,68.64489628532898,0.0,0.0,1.0,380.91318695673885
267,#ca152b,99,64.57814417844158,22.660973023833392,1.0,0.0,0.0,293.6200653659008
268,#e60125,40,64.3454668352774,10.841634515328735,1.0,0.0,0.0,244.1252388918341
269,#07d92b,96,14.224065933364749,63.4750346443099,0.0,0.0,1.0,411.0984388275929
270,#0229e4,57,20.950239872163205,49.87003313005816,1.0,0.0,0.0,269.91735352645725
271,#23d405,24,70.09569413073588,32.255218261384364,0.0,1.0,0.0,164.51222110137155
272,#0a27da,39,17.12441362074797,11.458760268366335,1.0,0.0,0.0,188.16634767440328
273,#f7272e,29,80.4787563154601,17.785423638485128,0.0,1.0,0.0,169.14988456403734
274,#28fc10,25,82.00447982503883,56.00270263986563,0.0,0.0,1.0,390.5866428996906
275,#eb292d,76,29.96922678824123,72.78343319042955,0.0,1.0,0.0,189.38651105486449
276,#ed1527,22,72.68631826221551,84.13169080875386,0.0,0.0,1.0,371.92680280255934
277,#e30c2c,98,67.53364293757753,10.97806472826699,1.0,0.0,0.0,297.5521486839241
278,#312dda,99,69.05512692001398,17.490113497078248,1.0,0.0,0.0,340.5577369079807
279,#ed0312,22,76.02886757685197,73.47339929085271,0.0,0.0,1.0,352.4621917959133
280,#02dc0c,56,62.94334779525187,59.7757311148336,0.0,1.0,0.0,174.6024263421797
281,#13de2d,82,80.403811533792,36.4359554695795,1.0,0.0,0.0,328.40358056046875
282,#201ad8,54,38.63233264849852,73.57051547223244,0.0,0.0,1.0,411.0089068741856
283,#0921df,80,84.91051338235187,42.68239912502148,0.0,1.0,0.0,259.01362457798376
284,#d72f15,42,29.70013703109684,77.79304207542913,0.0,1.0,0.0,172.09742306609758
285,#2ae707,56,10.931571270080529,27.74761729801962,0.0,1.0,0.0,104.00970693421516
286,#d3290a,85,18.197773730364688,83.0838372818939,0.0,0.0,1.0,417.9481894209399
287,#0503d3,57,71.6237474862844,45.173330426661884,1.0,0.0,0.0,313.79254188174144
288,#ce282e,23,33.03104952833905,75.76810350501385,1.0,0.0,0.0,255.48024859077051
289,#221fe1,60,89.61995081701443,61.4988670495196,1.0,0.0,0.0,350.4644706701342
290,#2413ee,44,19.743976880628963,42.61275004744111,0.0,1.0,0.0,144.72442121356602
291,#2009f6,62,82.65779460039343,54.01891990434753,1.0,0.0,0.0,338.95097009539074
292,#1a22e0,29,70.83210802242425,15.503959732380864,1.0,0.0,0.0,290.20312224549343
293,#f0020e,78,39.367723231736576,51.905805855998224,1.0,0.0,0.0,249.5049976449405
294,#0be205,31,17.32078762686009,42.81568506152952,0.0,0.0,1.0,312.92943877630694
295,#0de010,50,22.821481460900188,80.7370993815098,0.0,0.0,1.0,406.90146239059845
296,#0b27dd,79,39.97138755874478,27.0802458864146,0.0,1.0,0.0,167.5403103139002
297,#fd1529,24,88.19655996289377,63.35063023900495,1.0,0.0,0.0,280.553099078493
298,#15d21b,30,79.48619481198591,56.597176198144695,1.0,0.0,0.0,286.10204775430765
299,#1dcf20,36,71.2954978306449,41.32271540595109,0.0,0.0,1.0,377.20357162856783
300,#1bfe0b,31,44.02638112428182,67.37390729042036,0.0,1.0,0.0,164.71229150896977
301,#e60517,32,32.11245014916556,51.43726394020452,0.0,0.0,1.0,313.4829315188807
302,#f71b20,80,64.37761180271784,34.02854098587731,1.0,0.0,0.0,276.84536454925023
303,#09f126,94,28.005248980895843,40.67413452444687,1.0,0.0,0.0,260.5848068812884
304,#ea2331,41,44.92459742644827,77.14299123065277,1.0,0.0,0.0,271.1859945178882
305,#2228d8,78,46.41160479588578,84.58876571634497,0.0,0.0,1.0,454.2979583220609
306,#2b0cc8,38,38.62255985530399,49.510568102618144,0.0,1.0,0.0,154.62856291387672
307,#2127e8,40,74.10775785994959,18.679886509623906,0.0,0.0,1.0,401.9364102959123
308,#242cf2,66,51.646743820382746,54.92332146875267,0.0,1.0,0.0,187.66015392607267
309,#d0011d,42,26.83267648020191,53.91209343647006,1.0,0.0,0.0,226.66616901843213
310,#131df5,49,37.654698858092026,25.816582715052164,0.0,1.0,0.0,139.07291592037416
311,#150fe4,96,60.35409687191168,60.944291638535006,0.0,1.0,0.0,221.6347387729826
312,#14ed11,23,80.89232203209369,45.16858510723252,0.0,1.0,0.0,185.38104583588355
313,#f72726,75,47.62546784959828,27.05082657379509,0.0,1.0,0.0,139.27184452891498
314,#2206f5,27,36.03807970371846,62.3898861004528,0.0,0.0,1.0,370.73500725403954
315,#f50719,75,36.10420237617734,51.56728994796236,0.0,1.0,0.0,147.6039222131009
316,#0a08f6,30,64.37371503739334,84.36286102781804,1.0,0.0,0.0,317.5039230304308
317,#eb1e0c,28,77.49788751616423,53.87243517076012,0.0,1.0,0.0,161.3809951850039
318,#0812da,73,80.40862160009301,24.36393292945091,0.0,1.0,0.0,243.9728170150876
319,#0ccb23,32,13.601942843335753,39.02161591926373,0.0,0.0,1.0,307.59085913608226
320,#0527f4,24,79.98413783159543,24.6619911643454,1.0,0.0,0.0,302.80442415247364
321,#242bf5,40,76.58048251455357,78.06872151250003,0.0,1.0,0.0,211.068873668884
322,#eb301b,80,74.29538599724681,33.828332036207165,0.0,0.0,1.0,394.3921901359033
323,#1706f8,45,69.44620109758917,42.88756730315904,0.0,0.0,1.0,399.1807874567925
324,#1024d9,70,57.54651158365132,47.99721701405346,1.0,0.0,0.0,295.2369644872089
325,#21e529,40,63.24981167823115,75.8411233207293,0.0,0.0,1.0,388.36837483023487
326,#0701e7,60,36.45999230196776,11.719942788815958,1.0,0.0,0.0,244.39514838084156
327,#fb0111,49,79.47837122532712,68.88054995643283,0.0,1.0,0.0,180.54484678260204
328,#2a10d7,72,83.06846849964276,81.45369041447695,0.0,1.0,0.0,248.6455873669741
329,#de0d29,30,84.62474264233259,45.73036019513697,1.0,0.0,0.0,277.28820788820855
330,#04cf30,87,87.21635845989664,60.17689666651315,1.0,0.0,0.0,350.2042067556621
331,#29d31e,48,13.95319106568695,13.40156722222262,0.0,0.0,1.0,268.5636139662605
332,#10ed14,58,83.95191968682428,45.80824944231237,0.0,1.0,0.0,218.69728584485125
333,#ce0e05,91,64.3699081777678,22.87409860991609,0.0,1.0,0.0,185.0299883559199
334,#f40e14,59,59.32514516598825,53.92356890410127,1.0,0.0,0.0,250.13891407259416
335,#d71d0b,80,88.6146681689555,51.90833072969837,0.0,1.0,0.0,224.3546570606676
336,#ef0607,38,12.047416979138088,45.03304210912359,1.0,0.0,0.0,203.69331891684672
337,#e61b04,97,61.68078585248162,34.87485988424681,0.0,0.0,1.0,384.7797869962188
338,#24f832,57,70.17987830209586,11.68006825854328,0.0,0.0,1.0,391.4337095698056
339,#ee070f,23,86.7416239865228,83.38602269568467,1.0,0.0,0.0,276.0015048904937
340,#e60303,58,20.729068488022023,23.819153071239278,0.0,1.0,0.0,77.7388401775125
341,#1f27e4,45,41.6622049684317,74.95748336448662,0.0,0.0,1.0,410.5084903604096
342,#0e1ffc,97,31.093934747686944,54.35364924627973,1.0,0.0,0.0,309.2850569764403
343,#d00b24,86,10.719452293952152,66.47937180465323,1.0,0.0,0.0,286.04114410481
344,#d43214,87,60.35105710160092,62.12767447192754,1.0,0.0,0.0,279.1807410228936
345,#cd0722,58,18.55935441274731,23.69414720998097,0.0,1.0,0.0,78.50011340088219
346,#1df91a,72,67.40570558196353,53.41725702074793,0.0,1.0,0.0,197.3029850962832
347,#1531f5,63,10.46240062350491,81.71078356713694,0.0,0.0,1.0,438.0951248333415
348,#2228d6,67,41.338954426096,24.21482228864857,1.0,0.0,0.0,260.3946556902748
349,#e22b19,77,29.61665217709385,69.37039547142066,1.0,0.0,0.0,283.6394004187463
350,#f6212c,81,60.13687287195207,55.811528257130654,0.0,1.0,0.0,168.62117667094998
351,#0fdc04,51,62.18267715213939,66.08725252291477,1.0,0.0,0.0,274.8548676290827
352,#2fe90b,60,88.35605660118989,10.002244391802932,0.0,0.0,1.0,428.0033833236191
353,#e80e03,22,22.669297819318,89.41720903079359,0.0,0.0,1.0,380.1933333866467
354,#ce1c12,88,50.96416243499291,55.91100704960318,1.0,0.0,0.0,265.2627741739571
355,#0e0cf4,93,30.240352147967087,79.54731673802556,1.0,0.0,0.0,357.3451621471015
356,#f72112,69,86.02632340083213,25.035471895146195,0.0,0.0,1.0,411.9748192549512
357,#0df304,29,50.262122744249965,74.6459468169627,1.0,0.0,0.0,275.3327674467574
358,#2af90e,44,39.7864607391115,68.78951293874965,0.0,0.0,1.0,377.7946147240672
359,#f11e01,39,31.503803968560423,72.17154649557499,0.0,0.0,1.0,361.6628241321143
360,#1a1fef,78,53.44808118654655,75.49646799462732,1.0,0.0,0.0,337.00466660292074
361,#e91411,79,37.12589770416413,76.92774014594055,1.0,0.0,0.0,300.42931022656103
362,#03f41b,28,49.63196585267926,14.914090139155787,0.0,1.0,0.0,125.95869510070575
363,#1ed016,63,47.94125454306004,10.97246520998378,0.0,0.0,1.0,350.17774481173865
364,#12f524,73,72.50624811507183,23.68468831532089,1.0,0.0,0.0,307.16242399995497
365,#29ca13,91,66.39232048675389,42.70517591301366,0.0,1.0,0.0,209.014173133587
366,#192adb,51,63.3761619388364,72.2734911362181,1.0,0.0,0.0,311.13755396517786
367,#1e01fe,59,57.9130569299464,48.72971443466909,0.0,1.0,0.0,186.23394334433252
368,#e4181e,47,26.54075323785872,57.995085631505255,0.0,0.0,1.0,337.99619198710576
369,#1dd125,43,49.91456397448972,40.97683043094875,0.0,0.0,1.0,340.05400085100246
370,#d13219,33,22.688474214259,80.85790838415826,1.0,0.0,0.0,272.5125287836338
371,#11d017,97,29.49015377642989,27.07070129843439,1.0,0.0,0.0,240.0342707706785
372,#0925cd,44,83.78776393920582,44.53591860658645,1.0,0.0,0.0,328.05825283760294
373,#ee092d,51,16.500022906215097,44.47925885133797,0.0,1.0,0.0,112.9610660836825
374,#08f71c,35,17.023173844966564,65.12372725052158,0.0,0.0,1.0,361.2625987230304
375,#30d41c,84,22.53035343186305,23.75532124301906,0.0,0.0,1.0,318.14880532590183
376,#ca0d11,53,49.05172877806574,57.62132927980117,0.0,0.0,1.0,341.64753630863106
377,#0715cf,22,85.15994788073351,66.80025658683542,0.0,1.0,0.0,212.4857660807276
378,#3221e6,70,17.58640634883693,67.05861551889048,0.0,1.0,0.0,214.0139424929864
379,#25cd28,30,69.97218475827503,30.1373721749622,0.0,1.0,0.0,169.226103370844
380,#d81230,23,65.91839748726616,89.54472181553524,0.0,1.0,0.0,182.49634807254404
381,#1406ea,55,75.10379976255206,58.7604259946998,1.0,0.0,0.0,316.9906508632017
382,#10cc02,37,33.20791323500684,25.889243214547363,1.0,0.0,0.0,199.3416289055922
383,#cb2b16,55,48.39986965882066,15.195520480991922,1.0,0.0,0.0,225.83457659409092
384,#e1122c,80,72.20315171944695,20.96261522867044,1.0,0.0,0.0,291.9379158830078
385,#2826d5,55,85.10465698317826,49.78656283370227,1.0,0.0,0.0,336.1230240763559
386,#2104ee,66,13.10834267555398,54.14699209193151,1.0,0.0,0.0,283.8073015238201
387,#f83222,75,89.40524539210827,78.96991692968979,0.0,0.0,1.0,424.9719712664323
388,#db2d25,47,45.336208427372206,71.12484469631073,0.0,0.0,1.0,362.2909013002321
389,#3026e6,41,50.70294971317097,76.33248018729057,0.0,1.0,0.0,209.1232073930105
390,#0afa32,40,38.78975837215179,76.71463408669096,1.0,0.0,0.0,289.6846480092062
391,#202de3,63,24.76828361864092,33.2010578661029,0.0,1.0,0.0,140.3376391888509
392,#14d803,37,45.9760963309279,19.884587507740896,1.0,0.0,0.0,226.47612009710815
393,#1007fa,91,62.01594637299874,72.5685857534047,0.0,0.0,1.0,442.21294541935777
394,#17cf13,20,37.227901598675466,32.830805757646615,0.0,1.0,0.0,94.14102029847037
395,#cb1829,31,72.54185118010247,88.57842031991504,0.0,1.0,0.0,184.75034425680408
396,#e72f0c,58,87.9463416953769,79.11600477543134,1.0,0.0,0.0,304.2826839040084
397,#1c11d3,76,57.03253699021154,12.108134139866022,0.0,0.0,1.0,399.9324983258986
398,#02f404,28,71.15301410525157,57.60599259704038,0.0,0.0,1.0,370.3132424442607
399,#d91927,44,42.00481000378407,19.96515453019613,0.0,1.0,0.0,103.08309731360907
400,#d62d25,89,39.28348405330418,19.02242672417139,1.0,0.0,0.0,233.91313019602345
401,#f93119,23,49.65972257611361,64.00210208281862,0.0,0.0,1.0,330.4828945932651
402,#0b25df,35,30.571914048371767,78.98545989427487,1.0,0.0,0.0,309.617626568888
403,#d7042a,30,76.99706114711157,88.48489264962004,1.0,0.0,0.0,283.72432085341035
404,#1226f5,37,88.44042304717408,49.982473966222535,0.0,0.0,1.0,430.0764407419509
405,#282ff6,25,68.34464707804023,62.02434867944838,1.0,0.0,0.0,281.325333200352
406,#f63206,43,66.81970225176565,43.297472412908505,1.0,0.0,0.0,252.031665753564
407,#e6121a,92,36.49309394377576,86.55524101617559,0.0,0.0,1.0,430.0170254900165
408,#04fa0f,53,79.55213437506256,43.18115721103803,0.0,0.0,1.0,405.1164607470648
409,#1012dc,76,22.74155367144076,41.514311616648754,0.0,0.0,1.0,370.0017144634385
410,#1032dc,74,58.16262611792486,32.98465447128943,0.0,0.0,1.0,397.3599276277196
411,#1deb04,63,41.5143309413855,44.901359548769264,0.0,0.0,1.0,341.9220948429815
412,#1cf01d,74,23.686358696505884,10.06332821509555,1.0,0.0,0.0,210.96363680349043
413,#17f816,43,54.091747340841614,77.02000815086652,1.0,0.0,0.0,292.7470233546936
414,#300cef,26,60.90037811181012,14.951019090467843,1.0,0.0,0.0,266.68277339784703
415,#252fe5,76,46.10790490961891,48.21208090108712,0.0,1.0,0.0,182.23708629732863
416,#2a14d4,32,44.19130556687022,47.28443997605045,1.0,0.0,0.0,243.68674584241077
417,#15fb11,37,73.53276772495468,73.4036023224786,0.0,1.0,0.0,181.6429544901162
418,#032cfa,96,30.02074558435952,38.673112375340686,0.0,0.0,1.0,378.1702438397095
419,#0a14fa,73,63.47730678728872,27.440366395666047,0.0,0.0,1.0,411.0416007161091
420,#de2f03,54,86.46740780497781,34.64194023412066,0.0,1.0,0.0,198.35362643532528
421,#cd2b31,84,80.30272647997494,11.54005132406314,1.0,0.0,0.0,314.3034968556637
422,#31e219,49,68.38359937981909,87.8056038989933,0.0,0.0,1.0,415.5992544265757
423,#e80830,71,64.08561431279884,69.35108167802092,1.0,0.0,0.0,280.75754493126385
424,#e82b28,77,19.742628850061497,67.30337045771829,0.0,0.0,1.0,378.8348425287379
425,#0b23ca,83,37.478167905715125,46.9972077678318,0.0,1.0,0.0,184.75015857809288
426,#1c23d5,37,35.111056454588656,64.44544206551599,0.0,0.0,1.0,383.2488906847649
427,#1dd20b,60,76.0556654461658,67.02872651531507,1.0,0.0,0.0,304.30283619711287
428,#fa2c21,25,53.98390450451756,89.54959132567633,0.0,1.0,0.0,183.7044233127193
429,#1413d9,58,51.79535051429029,84.63055304099133,0.0,0.0,1.0,441.7234814378481
430,#16ca0d,93,79.34057135037344,24.79327807876997,0.0,0.0,1.0,437.2354504871761
431,#11ee01,71,23.259036977673382,80.83742877618663,0.0,1.0,0.0,224.04612890403277
432,#131bd4,71,37.321841703358544,66.40596053202538,0.0,0.0,1.0,411.8150032635817
433,#120ed1,55,49.73436626376333,68.49251751537136,0.0,0.0,1.0,405.0881661824408
434,#e20f03,95,47.46032086188714,10.73154294643591,0.0,0.0,1.0,354.4859838202939
435,#0bc81e,78,67.14752879368478,31.043147779172543,1.0,0.0,0.0,299.78423805056906
436,#2e29ee,82,64.35815699428993,58.44021216087501,0.0,0.0,1.0,418.4319000265949
437,#2831e9,29,88.22409230919759,49.69808253851295,1.0,0.0,0.0,325.76749674043714
438,#ce151c,22,65.65588404178591,51.192314472357936,0.0,1.0,0.0,131.6941844949105
439,#da0e24,21,13.98787598696658,28.813281282829752,0.0,0.0,1.0,258.9389789875896
440,#2823f6,70,66.32204082250041,74.93019325285674,0.0,0.0,1.0,430.1509412785507
441,#f73204,43,28.80212818056844,43.82341765769581,0.0,1.0,0.0,105.97046929778928
442,#d6300e,28,27.53785814510221,67.60805452748505,0.0,1.0,0.0,141.26497457636174
443,#cf0913,93,30.315652447066554,28.95752641503669,0.0,1.0,0.0,117.96106448930438
444,#e3151c,98,69.76053445781766,15.529004557772446,1.0,0.0,0.0,302.77720362609205
445,#d2240c,23,49.76218747959444,68.88957400131227,0.0,0.0,1.0,341.1927272515477
446,#120dd0,97,61.66289256593327,41.3902128892073,0.0,1.0,0.0,224.3808032172644
447,#01f205,97,58.98888033236251,48.470091984540666,0.0,1.0,0.0,198.44095383065428
448,#31f430,93,35.18086848007154,66.4963268562405,1.0,0.0,0.0,310.90735215354493
449,#1614de,49,27.423977857501782,23.60653283719774,0.0,0.0,1.0,316.5614882730025
450,#28f911,27,16.85893910191977,55.96547270708084,0.0,0.0,1.0,337.4567532816022
451,#e31911,57,68.4107678835157,83.60040757002007,0.0,0.0,1.0,394.456733154032
452,#ce1401,55,10.969824391036118,60.10648545638241,0.0,0.0,1.0,347.8899116250664
453,#eb0723,57,84.13257786876645,82.05402088867373,0.0,0.0,1.0,399.815963335716
454,#db2e27,56,62.19026791357484,20.073932906409876,0.0,1.0,0.0,152.0139412610263
455,#0df729,59,64.64771067722583,56.13064947805141,0.0,1.0,0.0,180.80229354024323
456,#1e19db,51,14.53663011409926,24.32334816400216,0.0,0.0,1.0,311.3588189844905
457,#ce2712,46,83.62262736824314,30.868418548594278,0.0,1.0,0.0,188.36182846844343
458,#0c1bcb,56,59.7942657024777,23.548099905393805,1.0,0.0,0.0,288.7769914528587
459,#012ae2,63,17.907409183101315,42.91392818993774,0.0,1.0,0.0,160.85299736747035
460,#d31829,70,54.533577681964296,49.74814049244286,0.0,0.0,1.0,346.5033804290734
461,#e41d09,72,83.93929089587354,17.670714563798793,1.0,0.0,0.0,309.91543399650783
462,#dd1808,35,45.94990783636162,43.42248983181157,0.0,0.0,1.0,303.36057790705166
463,#1efc2e,25,83.27871527162861,85.81168359824753,1.0,0.0,0.0,295.40446117881925
464,#2a21f0,63,56.73993157172767,69.05857914788805,0.0,1.0,0.0,212.32554788165348
465,#0227e1,59,73.56503950676976,29.70947789548159,1.0,0.0,0.0,316.01655715585207
466,#d12f05,57,71.02654776934125,83.09790937327074,0.0,0.0,1.0,393.8700323470479
467,#14df2e,58,64.31705536771616,40.98563678409015,0.0,0.0,1.0,378.14570193640446
468,#ce091d,63,79.19467966517243,87.19322952784755,1.0,0.0,0.0,308.85090578613324
469,#1f2fca,32,35.492975283001904,74.47717276650933,0.0,1.0,0.0,199.68026561152584
470,#2c09fc,48,76.83329372543623,54.26792108570193,0.0,0.0,1.0,416.9472244973885
471,#05d630,77,76.14636377229576,37.15383741422852,1.0,0.0,0.0,318.86138760100494
472,#2fec22,60,19.3904602999101,15.51825285320854,0.0,1.0,0.0,90.88160087455412
473,#2b03f8,85,14.398954303884164,23.388701367838127,0.0,0.0,1.0,340.9787673451351
474,#090ff1,57,63.76485327015047,10.710617996356406,1.0,0.0,0.0,297.88360655738444
475,#211cd9,32,48.58166376334856,77.93254815397228,0.0,0.0,1.0,405.5103287328138
476,#17ea01,98,31.064363519025832,44.2422419658477,0.0,1.0,0.0,170.17180308185272
477,#06fa28,61,72.9738264279401,45.82513004675022,0.0,0.0,1.0,401.3386851044879
478,#3007de,74,49.112880861492414,32.58076323431473,0.0,0.0,1.0,380.4396971966198
479,#112dc8,47,46.78914145093751,25.34769872408312,0.0,0.0,1.0,356.3504471128913
480,#f12a29,30,34.13601602050395,42.68149475671569,0.0,1.0,0.0,93.35746652190424
481,#d52b10,87,66.78134184099324,78.09741109338026,0.0,0.0,1.0,411.1516552615149
482,#23f817,51,71.86114871899676,79.54268652765587,0.0,1.0,0.0,203.4830163040692
483,#0821e0,89,58.32726637041762,29.74968950596096,0.0,1.0,0.0,212.67704315345284
484,#07e12c,41,45.23682057426805,38.473560198153926,0.0,0.0,1.0,324.80285027735096
485,#31fa20,31,45.10015957027661,73.9272668696791,0.0,1.0,0.0,177.04364242679043
486,#ee1816,51,35.11580780561537,68.78011762238387,0.0,1.0,0.0,162.80126619198734
487,#25fa15,54,73.2194445246407,22.78416470563424,0.0,0.0,1.0,394.30667911911183
488,#ec0d12,78,57.43978911824037,54.06465206249717,1.0,0.0,0.0,260.96944903971985
489,#0d2fdb,97,19.510456080154555,83.35822515002447,1.0,0.0,0.0,368.37442638163645
490,#2fd42c,34,81.0565409022893,11.568013969220212,0.0,0.0,1.0,391.7949682470883
491,#220ece,42,51.46957197967826,44.010502229409866,1.0,0.0,0.0,260.8331152953789
492,#03d40d,21,40.17782081112093,42.60863563216968,0.0,0.0,1.0,306.37123268516115
493,#1321fe,64,37.50244936452415,28.737935267959703,1.0,0.0,0.0,250.69031887489945
494,#090ccc,56,64.40982273545151,59.40576088444283,0.0,0.0,1.0,397.0269959625765
495,#132fce,26,33.01248747070939,61.10162296864654,0.0,0.0,1.0,366.4113568171172
496,#0ddf07,83,51.05635328154982,85.51793712422933,0.0,0.0,1.0,440.6351384456459
497,#3010e6,66,85.89438922524064,22.83879116460758,1.0,0.0,0.0,348.0766691918992
498,#c82a1e,71,50.409376103354575,27.877952335099643,0.0,0.0,1.0,339.7715675086098
499,#312fdb,89,29.275834828942983,28.716216401988124,0.0,0.0,1.0,354.614569909011
