,color,type,age,weight,height,price
0,#e51e32,bar,41,43.569090221866546,-2.1260050905682633,204.26945528514912
1,#f51a2f,foobar,71,84.26121799148964,-116.64113431514453,411.43005788198377
2,#21e308,bar,90,71.5740718046135,-179.31668677909795,318.4636930698807
3,#0630cf,foo,32,23.125697994546748,78.23431124470902,205.38195043290335
4,#04d82b,foobar,44,54.253465832375184,104.65080283085533,449.8444556901362
5,#160fd5,foo,91,77.33541835618217,114.77813785731766,324.54322808423467
6,#32fd0e,foobar,41,29.86340232793621,93.43252222961644,426.5052964219575
7,#d10d17,foobar,22,48.73151952187789,198.41081956861802,598.4453380896406
8,#1bf00e,bar,31,81.24065932816916,72.72853980998065,290.10764911436775
9,#24e512,bar,39,79.53115762315761,0.8998862257607296,292.2701076682568
10,#2ad229,bar,75,14.809061900676204,5.665011129807584,193.33706888507012
11,#d30127,bar,21,43.18819838469128,-150.28035194280812,186.9487394425822
12,#32d125,foo,54,31.035084064143035,80.35354324357296,208.02370041644787
13,#d40b02,foo,27,62.196351224764506,202.51521895380327,412.1707073145838
14,#1d29d7,bar,40,35.29457661369019,13.665571762687112,226.80630290885932
15,#28d024,bar,55,51.146441260715385,209.44680442748228,570.4403640615956
16,#ee102e,foobar,70,22.527483343430337,149.81203003206588,542.0024092325809
17,#212ef9,bar,81,37.63079073768215,146.4189433326086,481.8200592212695
18,#26f416,foobar,47,48.61281814512401,-3.693906020636602,339.6210256582848
19,#1623f3,bar,52,80.28141909123073,-11.439540829643864,327.3118645936881
20,#1ae631,bar,86,79.12863765859821,-46.01094690155722,331.8980083461659
21,#fc0714,foobar,22,45.691021078513856,-100.57351423298167,295.65079690428894
22,#1110e3,bar,82,61.85013240071456,-86.50670174305914,314.04290414331155
23,#1c32f5,foobar,79,25.5215281899384,-57.58030908387525,338.09524555394114
24,#2026fb,foobar,81,70.37621875239655,-73.69898854785883,428.61693165268935
25,#04d12c,foobar,97,23.393389767215567,-69.50024944677274,326.72480717428243
26,#0b04dc,foobar,49,14.057812739521749,52.04042779789394,365.2026190187737
27,#2df508,bar,62,87.4950123392806,93.06650793785438,337.69463166308253
28,#270fcb,foobar,79,69.39675436157819,55.22220574830425,428.22792472269066
29,#28e90e,bar,24,71.62088737810419,-142.70026953762974,267.62558593179733
30,#302ffb,foobar,33,60.17293648329277,100.36331529679484,450.49829725150374
31,#161ede,foo,66,81.29576950997046,152.74549911244878,383.92927239501694
32,#f4081f,foobar,69,79.2654578908074,133.1342731291552,506.0833376537111
33,#fc2208,foo,69,42.09538002531139,32.482168663790766,123.79115503230628
34,#0e03ee,foobar,75,31.65837091039875,51.00793290029052,384.9125619848152
35,#07f61a,bar,39,35.32723399824975,-2.442637638686886,205.80859557692548
36,#0a28f5,bar,28,38.18255765521159,76.57319410059125,300.67421887872194
37,#1f23f1,foobar,40,15.188352008243537,94.56782719626105,444.0316064646555
38,#f41d0b,bar,71,14.109858272366544,-29.834125734177206,168.32549200168248
39,#fb1f31,bar,69,68.98330763027384,-80.05350562785283,275.75840355255
40,#d4100b,foo,78,72.12288380503183,131.1981969981546,307.84604811657226
41,#ca090e,foo,43,88.06988053914299,61.72946728464916,195.70327651126576
42,#0811cd,foobar,57,74.25941206596224,27.73922250658405,416.940403119798
43,#f42f1a,foobar,20,70.59715971813335,0.7460568037131878,340.859060512203
44,#ea1c1f,bar,40,38.76023847920273,143.0949145389748,401.8941349869948
45,#2ddd1e,foo,97,68.65596779167453,98.89653837006597,279.5540637697302
46,#2726d4,bar,85,52.37504402790029,-40.64319367685457,297.3869710183341
47,#0ae20e,foo,97,14.761402407851376,89.29380520149425,258.5763898226767
48,#27cc12,bar,76,64.77119798835682,-67.07893705060161,292.9887634681704
49,#11fe2e,foo,49,85.40362611034362,106.30956099210374,256.26106481139755
50,#d40f04,foobar,93,71.4531434351224,95.13763631569067,448.2908063537322
51,#01d912,foobar,45,29.690424257916597,65.84255644470221,372.52713117795685
52,#02ca24,foo,70,57.1792227160973,294.9635282406736,647.76176810462
53,#1ad601,foobar,47,58.550309557431206,-121.92560963544392,356.6303383338299
54,#0f14cd,foobar,74,76.92166738609569,135.4849063581572,553.6836223843928
55,#2f29f1,foobar,59,77.73675450127418,-73.06363054356588,424.16629930558315
56,#fe0626,foobar,74,61.899658073325334,-17.765034642704766,367.7749951838805
57,#2cdc1d,bar,95,79.17703023821466,6.360134696152301,337.71491367056456
58,#f6320c,foo,58,80.23289187886563,40.8055138523053,192.21605235232596
59,#c92d28,bar,29,21.997718446286314,75.9817874977422,258.30828869297943
60,#24fe0a,foobar,74,32.464127238750955,-59.64152295983432,326.8818394138089
61,#f4012c,foo,48,45.53201313852311,-47.764155672215544,114.05815911388059
62,#2e15c8,foobar,39,15.901297420826808,-88.7238995529076,286.90566344237834
63,#0c19e1,bar,35,55.1505104363278,-15.221984657438426,262.66134593560537
64,#1df60d,bar,62,56.835202324263875,69.01665409872243,291.61828059770784
65,#d22725,foo,82,63.84934195516108,-19.291172238199348,177.1512977062158
66,#0529d9,foo,21,33.72343954295932,30.088529794781625,108.57920940968745
67,#30f009,foo,41,26.01256694831016,-46.82315637094567,88.88211158072298
68,#26ed21,foo,69,67.56937237764419,130.0641252099756,317.494517379271
69,#f11409,bar,95,80.42274229315153,-84.54497927296487,319.0959671673866
70,#ed280f,foobar,88,61.70064491562315,-44.727696044245064,378.2092549959143
71,#e11e1c,foobar,46,18.19790026632134,57.05166731998446,336.06659252670505
72,#0605de,bar,98,63.4329055615493,-57.106603315657466,331.1519635068889
73,#e41b02,foo,30,20.17703726738821,-61.30860067505755,48.452368001523794
74,#1f07d1,foobar,68,34.9856956715563,-21.695579866415077,349.0081872017152
75,#1329cd,bar,54,60.99802970202302,50.21105900671295,289.8784916484639
76,#2425ce,foo,36,17.583098274903755,-21.4446560553269,87.77102136056777
77,#d03124,foo,81,72.63552233004674,109.4422675135234,267.6038401937638
78,#0b17d1,foobar,39,88.51150388746517,227.85385619824166,706.6510749206366
79,#192eec,foo,99,14.31774995712865,206.98200167105935,515.8149083126358
80,#2a20ce,foo,56,58.60370742195039,-89.10775895939115,185.38333145879136
81,#2ccf1f,foo,73,60.19975213720967,-112.80604707048232,181.78236080833156
82,#30d632,foo,68,42.30343469518934,-0.420771775110623,142.79577578773507
83,#03d601,bar,94,33.024843000818436,43.25177990199014,265.36011026042445
84,#e80824,bar,52,38.25144413357437,83.02191939853418,293.87325347346996
85,#d01f29,bar,94,28.147048733902302,1.875546073575089,216.8851119741684
86,#f71f17,foo,78,29.604416484002574,13.125776306331465,105.37179701842169
87,#0e20e6,bar,92,79.56415658904722,40.34531504743818,358.45351072800264
88,#f22126,foo,86,41.91278230498593,-30.91851915997279,136.05999352935072
89,#27c922,foobar,23,16.319193477153497,-33.13680433087519,252.76700057129452
90,#3207fc,bar,35,15.329367133256193,28.840635362381406,210.35284375255327
91,#0326d3,foobar,39,71.43625367678762,154.35890894943336,561.5960704096959
92,#1e2dd6,bar,95,13.003344750996062,82.68098674856174,366.69552715282896
93,#cf0f18,foo,57,37.98196494027228,56.17305316719409,141.65114299025552
94,#29cf14,foobar,86,83.92754096598895,-57.192010528991375,443.0914315481039
95,#db142d,foobar,96,89.8826126100649,125.38436977382555,512.2942038942765
96,#0def15,foo,72,48.49708876417766,204.7442588256937,469.2072567166339
97,#d21627,foobar,26,29.76546439457855,28.007268515087258,266.3810368961269
98,#0a0def,bar,57,25.516587909259858,146.28856163590095,461.07847949941424
99,#0606e3,bar,83,37.12755413457653,43.01175753734911,277.4371793334408
100,#0eee15,foo,29,60.29106857908003,85.64869559138593,197.5426904305011
101,#2bd108,bar,51,22.189877644940612,135.230897760773,414.57290359589723
102,#02f80e,bar,97,30.92821346879104,-38.691259180882426,242.05350082345126
103,#1f30d2,foobar,71,49.7932500555266,100.21451016067185,481.5283478260001
104,#2b03fe,foo,75,81.74906406716849,102.29064830423397,287.8444362758978
105,#1701e4,foo,84,25.388007364636287,45.12859851963067,181.83068785457343
106,#e7041c,bar,22,89.94443557044906,142.8163844992871,389.7319456387644
107,#0dd11c,bar,69,18.33210720072791,59.55655427983763,277.6246442738309
108,#d51211,bar,87,34.95341495445784,-121.14634131125283,222.7558971349165
109,#da1a1a,bar,57,45.83979659688501,20.932952522243326,222.30066939449537
110,#02dd2f,bar,27,10.032414609288134,-15.768663130417888,145.90017626642904
111,#22d70c,foobar,54,52.96758229913303,-53.441937643271054,355.8734538586701
112,#f21b06,foo,70,50.75748671609112,27.103624024091573,141.6868748613381
113,#080bde,bar,76,14.522017533219378,-0.7087488188913831,214.22921212042485
114,#180ee6,foobar,63,19.122675931142332,-51.94374350783308,314.1077783930874
115,#101ae9,foo,40,40.08308621452634,126.74165223844703,307.4104095530639
116,#e51603,foo,46,38.792128767576074,34.749050954647366,98.86700424235113
117,#27e704,foobar,29,25.103356940861072,-72.08083762719538,276.33908864607685
118,#de032a,foo,31,42.72198225255526,-167.2517856176317,95.11727676895671
119,#26f91e,bar,29,70.66682055918301,-104.16126994427732,268.1305701100001
120,#2f13ef,foo,97,25.663997359942563,-98.45209338761788,153.50036126581654
121,#1815e1,bar,78,32.80144199715683,-38.040249997135255,252.03819085226758
122,#d0300c,foo,59,80.80087749094842,-99.90797274127345,193.41289261470564
123,#32e71a,foobar,28,14.982955750453346,212.79042614872822,657.0300748605137
124,#1031e2,foobar,82,37.42159786038796,30.91693918591815,365.8072905557633
125,#07f722,foo,36,52.30410488802934,223.33649236869698,481.69662016440753
126,#d30510,bar,64,57.19904673142646,-67.17391524678781,249.78935807441175
127,#c92812,foo,56,26.406136856835467,42.177802550789075,113.42180405643799
128,#16d61b,bar,34,65.42617629474684,-34.93258496111081,261.7447854070598
129,#2712ca,foobar,30,68.1133846052358,91.69850283920732,428.6204835364888
130,#2dde16,foobar,82,42.39197887788045,109.68224711984035,490.67160098060293
131,#0521f4,foobar,28,83.31025183032071,47.46552805063921,415.3256149890068
132,#30ef0b,bar,88,63.86377402337508,80.54977731992524,335.16685257399456
133,#0fdb1a,foo,27,44.320447429323664,-37.68886872522531,114.70739240795518
134,#01ca12,foo,76,28.76304973657448,-204.7749794820579,121.73250795080772
135,#ea2f31,foobar,92,22.351468417939486,61.24856932193928,381.65110115487914
136,#1229ce,bar,68,74.74585254980113,-116.64870036658834,329.02473694921855
137,#23e612,bar,75,16.90685431286945,-131.57427328024576,198.2744303556895
138,#2924f9,foobar,79,24.229437961479228,-10.780790676317206,333.82017995048386
139,#202cca,foo,29,57.83265676128696,-14.351334453216943,161.51232428594543
140,#0c06db,foo,67,26.394417120370115,157.86094761367283,394.7730888264197
141,#f82028,foobar,42,40.607855506797286,-103.89528038498891,296.3129971224694
142,#0e22f0,foo,87,17.85674846307988,-50.481586497826584,129.42256006609483
143,#dd282e,bar,64,67.01264183045421,12.959907929420853,269.83042551149055
144,#e12103,bar,90,20.370628200025163,10.330399160059065,196.91647185836675
145,#1bdd0c,foobar,58,21.243354861114454,-1.3500108366204167,295.01121845857756
146,#102ce3,foobar,27,22.004342132908718,17.123558320296244,290.8501916321714
147,#2c06ee,foo,24,27.300070649529673,40.087992030837285,123.9576475362652
148,#01df13,foo,70,36.02035205123502,-5.504290388145057,131.43540898900972
149,#1dc82e,foo,43,73.11630706676091,-163.7293985594844,183.1420332205854
150,#0d1dda,bar,79,82.26984961847944,51.93688860776029,350.88279756000316
151,#2ef022,foobar,47,15.58206021293623,67.15544532518082,373.59492418575974
152,#e60a0e,foobar,28,68.90176671892402,132.97859875469692,470.3780727742915
153,#1901da,foo,65,26.162567648588873,59.96398411303629,196.22334610610238
154,#e10832,foo,43,53.387209493400206,42.67780773201158,124.84141239068333
155,#2f25fa,foobar,97,35.136240635304915,-146.2005187183241,372.5438800572736
156,#d13131,foo,90,32.904224667949094,47.57263946326102,151.97113539681573
157,#fd1f0c,foo,56,33.01763523855655,-13.533808252786802,95.1210131559792
158,#13db22,bar,40,32.52192275378654,51.72661262931497,237.92058393534268
159,#19e025,foo,71,52.8804606030414,2.809931856717033,165.89864678018077
160,#2c1ff9,bar,95,53.88686692551518,121.38516665903502,443.9725312188708
161,#eb2532,foo,56,35.287302776800296,36.178248928071106,101.49936667087138
162,#ca2130,bar,23,23.809654595779335,-8.552838419449689,149.36305695111545
163,#c9211c,foobar,46,84.2921955438254,-150.5958239870734,389.0923337330263
164,#0fe002,foo,39,32.10877326658916,-1.0483320927992743,99.73952078298669
165,#cc0f2b,bar,77,87.08436312529295,-123.19850753289776,320.85976229822495
166,#14d922,foo,33,10.67601675997575,28.01234115694952,86.18946975965446
167,#281fd2,bar,29,88.6704071990666,-51.22351049754666,324.0807671218736
168,#2418f8,bar,89,72.68418810811933,-108.38069461193051,340.6872726598923
169,#171bde,foobar,41,32.98683332390706,2.987576443563947,323.5862342958413
170,#1ccc0f,foo,92,20.043952595580752,-27.14402263978382,118.1803508937239
171,#13c823,bar,99,67.68072063418359,158.48556841763946,499.2385703844599
172,#f01831,foobar,30,17.050190093726492,-197.94915961950176,243.22148035847246
173,#2c1ff2,bar,80,41.8588871762132,56.349623276723435,300.5983450439055
174,#1dd809,foobar,91,67.30745830101228,127.31775137492228,532.8047888746974
175,#2831e7,foo,49,62.97924924547143,134.76012341139023,334.9173400844968
176,#1301de,foobar,46,52.933084715523805,152.87428944499393,565.9877943814606
177,#e10822,foobar,48,37.36632425651094,95.17009940034245,412.37888717378746
178,#2bd50b,foo,28,20.45948975612502,-50.055381386253075,67.29197912017659
179,#03cb2e,foo,28,77.69541987617463,145.90295245138935,318.8406952735223
180,#e92d31,foobar,54,39.412472422172414,121.41268633597318,471.12790733613997
181,#17fa02,bar,85,85.72985737886867,-70.93985959225762,342.911213842842
182,#2ced0d,foo,88,40.06107704195259,-93.86755172207084,155.42521641147664
183,#1630fe,bar,29,71.90936634532359,5.633131058599809,292.23158445263374
184,#ec1322,bar,24,55.897755276740206,9.284962361644977,214.05597648486892
185,#1315fc,foobar,26,29.06478186246349,150.20044418342437,541.9047689284426
186,#1511dc,bar,46,64.24440683376291,-30.074107500655394,289.8289625649628
187,#d22b14,foobar,91,58.00545314313476,0.6936323625507619,373.9440264283506
188,#29e80f,bar,99,14.441033617568726,57.031979642662535,295.62860489919694
189,#d7160a,foo,51,28.776737554708163,-28.16986246531893,82.30393573119431
190,#1ee60a,foo,99,43.614185017987104,-49.872463331088966,170.76223385714349
191,#2bde0c,bar,76,60.98601196413674,18.804952929265284,288.58952580347284
192,#1028f0,foobar,58,29.9990680184197,-52.83790444152432,330.1994393875448
193,#f51313,foobar,55,27.407779476239345,-22.9242641279047,283.7357495117173
194,#24db29,bar,54,43.31026932257143,82.49429268052748,312.2724279021641
195,#2616d9,bar,71,82.78751389127477,-160.37886417273882,346.26937735012604
196,#fa1928,foobar,70,30.73183434516575,38.60895018407352,319.0686323509264
197,#1ceb1f,foobar,36,32.20261358124255,45.986032236670766,324.65576682038613
198,#1be92f,foo,68,21.720701014869146,23.92178175035143,106.3084750938618
199,#2e22c9,foobar,89,26.76494606777475,100.68082452843333,497.8428737871652
200,#0af616,foo,24,39.907668348847416,130.60013096597578,286.07978880577974
201,#1718d9,foobar,93,45.80311210839856,129.85676950199607,557.6073693942108
202,#26cf0c,bar,51,57.80424856385651,-16.009296221370374,258.4281576253784
203,#2e08d0,bar,85,20.684282654494,-54.628478914306314,232.97553494996797
204,#e50a0d,bar,28,40.774226473748165,43.57773757838239,193.38178336157264
205,#cb242e,foo,84,58.379860443479,-64.92842305443902,168.7850256766471
206,#1e2ee6,foo,29,65.37321046433979,-38.71609705548242,178.62194654071118
207,#1405ed,bar,99,72.34980869832097,57.85500728235681,349.50694386259516
208,#16ce20,bar,64,41.661414055083284,-94.18300001889634,238.98765573134614
209,#1e31e4,bar,64,81.99165403159932,-40.958073138030116,339.48482766772315
210,#242fda,foobar,64,25.795931802981613,5.741845439854517,327.16574269411007
211,#2532ca,bar,70,13.589795247174914,-39.91535522247431,208.20754083875158
212,#0502d1,bar,61,26.226186338173996,4.617764653972075,225.28558792548995
213,#2506e5,foobar,20,48.22240175918287,-126.6337929704292,337.28986188461056
214,#0225dc,bar,50,70.52659067050222,20.987486565246275,304.5115375729886
215,#f32324,foo,54,26.6372879660738,-44.31400905302212,80.78479753067771
216,#2232ce,foo,34,18.575981717539563,75.34143230457222,201.05085239920854
217,#cd171c,foobar,98,20.24861819501737,-34.54227063928718,303.39119844460583
218,#0713eb,bar,37,73.90505432292208,48.600228909686486,301.0719815482072
219,#ef1602,bar,63,18.09008808427702,58.887066085436835,251.55032291348695
220,#0cf82f,bar,57,57.79500350849258,-12.683003990310866,266.315046319016
221,#f5311b,foo,62,77.90658992788495,41.031929165004364,189.64267438649676
222,#f72a2a,foo,38,22.68178611745291,-3.025676141464695,59.6198670985945
223,#2924ea,bar,70,57.82992135805919,67.16791054127947,313.62242953165946
224,#11f830,bar,48,79.45136313098227,86.39686524314688,312.9722197562693
225,#0604e7,foobar,43,46.889980906802116,104.89263841808236,466.3713901686963
226,#1f28e5,foobar,22,60.516119352080466,85.99550164757686,411.97813933924056
227,#112efd,foo,53,25.70324281020443,-22.407828026616336,117.12216071976752
228,#e00324,foobar,63,76.79496530765904,-142.25528985522126,389.53643373899865
229,#25f801,foo,91,42.077365972838095,-77.70213110621883,161.10496818977467
230,#d90c2d,foo,33,35.73856255381712,-23.566253990301682,82.40039121996196
231,#01fc0c,foobar,22,54.246560760466956,-18.058904262412874,328.70719181113617
232,#2bd225,bar,91,36.05550305562979,-4.816295611896322,248.66932296244704
233,#db0f05,foo,87,82.87970462750677,114.19626081581066,280.2493048202077
234,#f02104,bar,56,20.729743187234277,-95.84561581488288,170.53943297734688
235,#0726dd,foobar,63,23.47007146850472,54.07636429031116,380.8786154898477
236,#1328ed,foo,81,80.11307692387999,-72.07155774337524,249.43253882800428
237,#0d07f7,foo,56,15.881201166778869,188.55771073111913,442.7108146234505
238,#2616e1,foobar,70,25.089418253201323,-17.264438281024788,331.20274151997455
239,#de1a03,foo,81,33.965094389806545,-208.71298520774317,117.63391317920568
240,#272ce8,bar,47,60.98896112810625,-51.755046950273815,285.32637281477093
241,#2d15fa,foo,45,45.32349980442534,81.97638385405084,225.01792960006455
242,#f71630,foobar,48,73.69160392142933,-7.746157102950015,367.53898476161606
243,#0beb05,foo,91,77.7073003020176,-42.565416230580475,232.52913651758297
244,#1e19f1,foobar,90,81.33273612408303,31.97949650106965,458.7552628150167
245,#c80316,foo,90,21.346007995157706,81.52657751466643,219.70729699410748
246,#2e22f6,bar,77,48.50981976081995,58.607121064661975,302.74183011239256
247,#32eb31,foo,51,50.51973046932141,85.74326843072227,215.62920754558002
248,#2f2ae9,bar,46,38.89373314276453,8.755025539416572,237.49877751126792
249,#0b1eeb,bar,73,49.43752743382254,31.307845011255267,280.82121312752264
250,#f30b07,foobar,23,37.18066852552028,54.09094138454653,310.7271767574431
251,#1824c9,foo,64,25.312598562405604,25.922123259445456,127.18141782854002
252,#db2220,foobar,46,82.296035176949,126.91772036923112,475.11869559786567
253,#2904d4,foobar,42,27.684091983670918,-7.150268051988224,310.90141083794265
254,#2ed630,bar,26,66.95209533162964,-75.06583483268125,257.85640920422463
255,#e40708,bar,66,20.67546349475565,98.76984536362428,334.9394000196976
256,#03f020,foo,50,44.20472177690929,99.06485108509754,242.43202029650348
257,#fa1c1e,foobar,89,85.76277613156124,-27.896919243896242,427.54143988921356
258,#1cf420,foo,32,37.40895834233257,113.49171242067095,257.43689110197244
259,#2c11f8,foobar,34,41.90084659086259,-83.24823559287573,334.8181734077334
260,#0511e7,foo,89,13.976997657707937,-135.65631700811304,123.18149203657593
261,#0de007,bar,96,32.18637789715089,-107.45331441658831,245.24266338717314
262,#052cd5,foo,30,88.81318174889597,13.108609080988137,224.97143951611662
263,#160dc9,bar,61,61.07602991678934,33.1302448929543,295.02896382515075
264,#ee1a20,foo,66,40.97015721950355,66.77309550109976,170.30186917683437
265,#0311e9,foobar,50,30.93200165227551,-38.71704193247757,327.61197453204153
266,#18ed06,foobar,52,33.39111828158864,4.387897953541389,310.96227665794527
267,#ca152b,bar,99,64.57814417844158,-42.53140367563422,293.62006536590076
268,#e60125,bar,40,64.3454668352774,143.43838794288914,402.93974009199763
269,#07d92b,foobar,96,14.224065933364747,18.833389771626905,321.0907157065053
270,#0229e4,bar,57,20.950239872163205,-62.66737141931189,211.7079547317333
271,#23d405,foo,24,70.09569413073588,10.74178334153081,164.51222110137155
272,#0a27da,bar,39,17.12441362074797,50.45930789993304,254.52965805693816
273,#f7272e,foo,29,80.4787563154601,14.65584322843949,169.14988456403734
274,#28fc10,foobar,25,82.00447982503883,-130.54288387805624,390.5866428996906
275,#eb292d,foo,76,29.96922678824123,-61.6477574100728,104.27128007739933
276,#ed1527,foobar,22,72.68631826221551,22.643606911596066,348.94327363120635
277,#e30c2c,bar,98,67.53364293757753,3.72162589800426,297.5521486839241
278,#312dda,bar,99,69.05512692001398,142.96964152279455,488.4679463719501
279,#ed0312,foobar,22,76.02886757685197,98.6982058123806,397.43964650861165
280,#02dc0c,foo,56,62.94334779525187,-47.99781649591832,174.6024263421797
281,#13de2d,bar,82,80.403811533792,-45.989826266043906,328.40358056046875
282,#201ad8,foobar,54,38.63233264849852,35.52763083731928,341.6417456812488
283,#0921df,foo,80,84.91051338235187,-78.63226090502717,259.01362457798376
284,#d72f15,foo,42,29.70013703109684,46.62528573867649,110.24130828352305
285,#2ae707,foo,56,10.931571270080527,-42.173092575560645,70.5974877803479
286,#d3290a,foobar,85,18.197773730364688,92.92506218078613,437.47432719007395
287,#0503d3,bar,57,71.6237474862844,-40.06847957127637,313.79254188174144
288,#ce282e,bar,23,33.03104952833905,66.59518946420647,236.964405451331
289,#221fe1,bar,60,89.61995081701443,-106.26145456372923,350.4644706701342
290,#2413ee,foo,44,19.743976880628963,-85.15498047527055,98.7145252669787
291,#2009f6,bar,62,82.65779460039343,72.36882686476258,338.95097009539074
292,#1a22e0,bar,29,70.83210802242425,109.54997959386709,367.7020835274261
293,#f0020e,bar,78,39.367723231736576,55.930714057400856,257.58322970807353
294,#0be205,foobar,31,17.32078762686009,-147.91851432576692,262.35984683928257
295,#0de010,foobar,50,22.821481460900188,109.94546015231724,465.8463123361123
296,#0b27dd,foo,79,39.97138755874478,40.33409823606493,168.2640325055329
297,#fd1529,bar,24,88.19655996289377,139.9533487070601,384.4548094242414
298,#15d21b,bar,30,79.48619481198591,-67.93723455215246,286.10204775430765
299,#1dcf20,foobar,36,71.2954978306449,-34.43170806509087,377.20357162856783
300,#1bfe0b,foo,31,44.02638112428182,-12.266811821604538,117.5769766094501
301,#e60517,foobar,32,32.11245014916556,-96.42359004595346,274.79706763902067
302,#f71b20,bar,80,64.37761180271784,-17.53962077862777,276.84536454925023
303,#09f126,bar,94,28.005248980895843,94.11619035111676,367.9723438656979
304,#ea2331,bar,41,44.92459742644827,121.13863976076655,359.46173645542734
305,#2228d8,foobar,78,46.41160479588578,-166.8719970616718,378.0487133926917
306,#2b0cc8,foo,38,38.62255985530399,-33.10213251008791,132.64905416521484
307,#2127e8,foobar,40,74.10775785994959,11.657657835959046,401.9364102959123
308,#242cf2,foo,66,51.646743820382746,-95.17737036614781,181.0564826560868
309,#d0011d,bar,42,26.83267648020191,-32.82564309845976,172.0731612760116
310,#131df5,foo,49,37.654698858092026,51.33334738981902,166.62037401631483
311,#150fe4,foo,96,60.35409687191168,131.23985911502177,361.51281360924065
312,#14ed11,foo,23,80.89232203209369,-47.8819824562903,185.38104583588353
313,#f72726,foo,75,47.62546784959828,33.08246058090862,139.27184452891498
314,#2206f5,foobar,27,36.03807970371846,-51.32708102565813,317.84192307018924
315,#f50719,foo,75,36.10420237617734,-80.08604825404356,116.41085235105623
316,#0a08f6,bar,30,64.37371503739334,112.54163176004123,374.19308909809956
317,#eb1e0c,foo,28,77.49788751616423,-38.61826536237633,161.3809951850039
318,#0812da,foo,73,80.40862160009301,46.597754748919726,243.97281701508757
319,#0ccb23,foobar,32,13.601942843335753,87.20575281420015,403.7046017976637
320,#0527f4,bar,24,79.98413783159543,81.47145330885321,305.76374411749316
321,#242bf5,foo,40,76.58048251455357,170.36899895673977,394.1833108564403
322,#eb301b,foobar,80,74.29538599724681,-17.429764699366395,394.3921901359033
323,#1706f8,foobar,45,69.44620109758917,98.460958754557,457.1553767058989
324,#1024d9,bar,70,57.54651158365132,-155.42335376872293,295.2369644872089
325,#21e529,foobar,40,63.24981167823115,36.23755106279745,363.356585962204
326,#0701e7,bar,60,36.45999230196776,155.54849563571983,480.9025632825792
327,#fb0111,foo,49,79.47837122532712,29.781741930212668,180.54484678260204
328,#2a10d7,foo,72,83.06846849964276,86.66787678968434,255.86828391387957
329,#de0d29,bar,30,84.62474264233259,-50.89353464890155,277.28820788820855
330,#04cf30,bar,87,87.21635845989664,-8.497755328403045,350.2042067556621
331,#29d31e,foobar,48,13.95319106568695,-9.019025703499278,268.5636139662605
332,#10ed14,foo,58,83.95191968682428,-40.45090800060157,218.69728584485125
333,#ce0e05,foo,91,64.3699081777678,27.23669536408376,185.0299883559199
334,#f40e14,bar,59,59.32514516598825,-94.475221053944,250.13891407259416
335,#d71d0b,foo,80,88.6146681689555,-23.254035608355366,224.3546570606676
336,#ef0607,bar,38,12.047416979138088,-61.83811360436967,138.29360657221798
337,#e61b04,foobar,97,61.68078585248162,39.5381402873458,384.7797869962188
338,#24f832,foobar,57,70.17987830209586,209.21084445455614,669.3274951234083
339,#ee070f,bar,23,86.7416239865228,36.43995021405151,276.0015048904937
340,#e60303,foo,58,20.729068488022023,86.7731401298283,202.86659675101671
341,#1f27e4,foobar,45,41.6622049684317,155.5281765340257,572.1457991822498
342,#0e1ffc,bar,97,31.093934747686944,-122.6707399314044,263.1291949404953
343,#d00b24,bar,86,10.719452293952152,-37.21954441632572,174.18156085398684
344,#d43214,bar,87,60.351057101600915,-21.967347005614467,275.600617521566
345,#cd0722,foo,58,18.55935441274731,-34.940113954706476,68.13736913981312
346,#1df91a,foo,72,67.40570558196353,-174.78074460346116,197.30298509628318
347,#1531f5,foobar,63,10.46240062350491,-40.81957983429178,296.2176602099507
348,#2228d6,bar,67,41.338954426096,75.03306678365125,327.12538954266245
349,#e22b19,bar,77,29.616652177093854,143.14109718715585,430.80802653305767
350,#f6212c,foo,81,60.13687287195207,-115.55053344192278,168.62117667094998
351,#0fdc04,bar,51,62.18267715213939,-51.64759325011125,267.10261097402713
352,#2fe90b,foobar,60,88.35605660118989,292.37500163635315,835.4092243157806
353,#e80e03,foobar,22,22.669297819317997,10.049775405438076,246.03328493892704
354,#ce1c12,bar,88,50.96416243499291,-152.35731007954718,255.36565098037005
355,#0e0cf4,bar,93,30.240352147967087,-71.30082491070299,258.8950743229701
356,#f72112,foobar,69,86.02632340083213,72.15723850339575,411.97481925495117
357,#0df304,bar,29,50.262122744249965,161.2513188116707,447.53142278412406
358,#2af90e,foobar,44,39.7864607391115,-4.803924538200617,319.6493501225499
359,#f11e01,foobar,39,31.503803968560426,-145.24427551800898,279.6639896407003
360,#1a1fef,bar,78,53.44808118654655,81.67712050302009,349.2451073581169
361,#e91411,bar,79,37.12589770416413,-145.59320270901202,221.44177743878345
362,#03f41b,foo,28,49.63196585267926,23.040482321206195,125.95869510070577
363,#1ed016,foobar,63,47.94125454306004,15.29874529390344,350.17774481173865
364,#12f524,bar,73,72.50624811507183,53.91619143794373,307.16242399995497
365,#29ca13,foo,91,66.39232048675389,91.15728953141902,258.4640038510818
366,#192adb,bar,51,63.3761619388364,28.391675227020983,293.17158120938274
367,#1e01fe,foo,59,57.9130569299464,-91.90321388709583,186.23394334433254
368,#e4181e,foobar,47,26.540753237858716,-62.08034235450535,275.5229054219681
369,#1dd125,foobar,43,49.91456397448972,-42.32693919595357,340.05400085100246
370,#d13219,bar,33,22.688474214258996,56.9608020489322,224.49892621300998
371,#11d017,bar,97,29.490153776429892,-31.023438763609157,240.03427077067852
372,#0925cd,bar,44,83.78776393920582,-76.9079757167941,328.05825283760294
373,#ee092d,foo,51,16.500022906215097,49.76823456050967,123.44362582513165
374,#08f71c,foobar,35,17.023173844966564,-10.65948278479543,265.7415045226512
375,#30d41c,foobar,84,22.53035343186305,-41.280249304441014,315.67970382555643
376,#ca0d11,foobar,53,49.05172877806574,-106.99040145799694,324.3844686286977
377,#0715cf,foo,22,85.15994788073351,-69.79341892228577,212.48576608072756
378,#3221e6,foo,70,17.58640634883693,-5.693111792136852,115.29486683411912
379,#25cd28,foo,30,69.97218475827503,-56.718129681266575,169.226103370844
380,#d81230,foo,23,65.91839748726616,133.34526378548586,270.5817861964242
381,#1406ea,bar,55,75.10379976255206,5.587605330853495,316.9906508632017
382,#10cc02,bar,37,33.20791323500684,20.464468329085165,199.3416289055922
383,#cb2b16,bar,55,48.39986965882066,41.27789176822136,225.83457659409095
384,#e1122c,bar,80,72.20315171944695,78.7906869631582,305.03257872803715
385,#2826d5,bar,55,85.10465698317826,90.06630669053985,345.9646800872208
386,#2104ee,bar,66,13.108342675553981,-159.74178975899466,202.50497185748424
387,#f83222,foobar,75,89.40524539210827,-47.327211562444845,424.9719712664323
388,#db2d25,foobar,47,45.336208427372206,24.927727265787738,311.1948211245774
389,#3026e6,foo,41,50.70294971317097,-158.53081254650496,158.06124545465946
390,#0afa32,bar,40,38.78975837215179,47.48737814441912,230.9293955667253
391,#202de3,foo,63,24.76828361864092,-54.368790597128125,123.63838779491002
392,#14d803,bar,37,45.9760963309279,122.09879052075652,379.9639905522628
393,#1007fa,foobar,91,62.01594637299874,120.08475792926757,537.2217736928242
394,#17cf13,foo,20,37.227901598675466,-46.34300764081397,94.14102029847035
395,#cb1829,foo,31,72.54185118010247,259.23010244730324,523.6101922314028
396,#e72f0c,bar,58,87.9463416953769,23.651787316874582,304.2826839040084
397,#1c11d3,foobar,76,57.03253699021154,-5.692399543903337,399.9324983258986
398,#02f404,foobar,28,71.15301410525157,-28.38373383409092,370.3132424442607
399,#d91927,foo,44,42.004810003784065,-16.11197630716099,103.08309731360909
400,#d62d25,bar,89,39.28348405330418,112.45514863965276,379.14139647904597
401,#f93119,foobar,23,49.65972257611361,97.81753751523463,397.6780316982641
402,#0b25df,bar,35,30.571914048371767,174.40934571357943,499.9804135500706
403,#d7042a,bar,30,76.99706114711157,-182.9443457274411,260.9060554750077
404,#1226f5,foobar,37,88.44042304717408,-120.46524343792618,430.07644074195093
405,#282ff6,bar,25,68.34464707804023,10.179584408672971,281.32533320035196
406,#f63206,bar,43,66.81970225176565,-185.16497312167627,252.031665753564
407,#e6121a,foobar,92,36.49309394377576,123.4126576098632,503.328434744968
408,#04fa0f,foobar,53,79.55213437506256,-67.45754091889043,405.11646074706476
409,#1012dc,foobar,76,22.741553671440762,55.96311989328127,399.0969252272892
410,#1032dc,foobar,74,58.16262611792486,-12.382065712528416,397.35992762771957
411,#1deb04,foobar,63,41.5143309413855,103.72550657322434,458.9390819549513
412,#1cf01d,bar,74,23.686358696505884,181.64170676308072,529.3772029998748
413,#17f816,bar,43,54.091747340841614,10.853716223718855,246.88110874364912
414,#300cef,bar,26,60.90037811181012,104.9125707225911,354.99447705146133
415,#252fe5,foo,76,46.10790490961891,48.886983022481004,183.5951040202132
416,#2a14d4,bar,32,44.19130556687022,-146.00785792580538,237.524687960007
417,#15fb11,foo,37,73.53276772495468,43.78715707595849,181.6429544901162
418,#032cfa,foobar,96,30.02074558435952,-29.745282298122973,360.69544670083496
419,#0a14fa,foobar,73,63.47730678728872,59.03056329138026,411.0416007161091
420,#de2f03,foo,54,86.46740780497781,3.6727818972193917,198.35362643532528
421,#cd2b31,bar,84,80.30272647997494,26.57912993069003,314.30349685566375
422,#31e219,foobar,49,68.38359937981909,155.92943704779034,550.8190714953982
423,#e80830,bar,71,64.08561431279884,-15.402584766112899,270.1293557385445
424,#e82b28,foobar,77,19.742628850061497,-11.080428088294532,284.1510026562712
425,#0b23ca,foo,83,37.478167905715125,-88.04056933745962,165.62444718379453
426,#1c23d5,foobar,37,35.111056454588656,-50.076161287397554,324.1833376752786
427,#1dd20b,bar,60,76.0556654461658,-118.860102954177,304.30283619711287
428,#fa2c21,foo,25,53.98390450451756,219.06063335901996,443.6044290965775
429,#1413d9,foobar,58,51.795350514290284,2.6013906076504005,376.02537643107667
430,#16ca0d,foobar,93,79.34057135037344,84.50040519707555,447.4798633950969
431,#11ee01,foo,71,23.259036977673382,181.91121629983192,427.8932776889784
432,#131bd4,foobar,71,37.321841703358544,-30.633410895552068,354.0397196946006
433,#120ed1,foobar,55,49.734366263763334,-130.1058987595647,367.38524572188305
434,#e20f03,foobar,95,47.46032086188714,80.20165214916466,419.3771405930917
435,#0bc81e,bar,78,67.14752879368478,14.037897533930966,299.78423805056906
436,#2e29ee,foobar,82,64.35815699428993,-73.07044588333122,418.4319000265949
437,#2831e9,bar,29,88.22409230919759,-54.857288971981674,325.76749674043714
438,#ce151c,foo,22,65.65588404178591,-55.613931720899814,131.6941844949105
439,#da0e24,foobar,21,13.98787598696658,3.8376148397817564,229.50009538344
440,#2823f6,foobar,70,66.32204082250041,45.62943368340746,412.81438947415734
441,#f73204,foo,43,28.802128180568438,-77.36884843203754,75.94587458841735
442,#d6300e,foo,28,27.537858145102206,-2.3620355483275066,61.31674250229993
443,#cf0913,foo,93,30.315652447066554,-55.02752505135683,117.96106448930438
444,#e3151c,bar,98,69.76053445781766,143.27503470463938,450.8229233924824
445,#d2240c,foobar,23,49.76218747959444,71.80914602395362,347.08692652085256
446,#120dd0,foo,97,61.66289256593327,-70.37995110977995,224.3808032172644
447,#01f205,foo,97,58.98888033236251,74.49798980444959,229.23682732521206
448,#31f430,bar,93,35.18086848007154,-4.932468363157396,248.56231571307626
449,#1614de,foobar,49,27.423977857501782,-42.888131830834304,316.5614882730025
450,#28f911,foobar,27,16.85893910191977,-170.48257257481856,259.46306853196813
451,#e31911,foobar,57,68.4107678835157,-81.34482321967312,364.28540061441186
452,#ce1401,foobar,55,10.969824391036118,-125.62060651891227,250.49480473187182
453,#eb0723,foobar,57,84.13257786876645,-127.90827715001362,399.815963335716
454,#db2e27,foo,56,62.19026791357484,92.95317639469032,213.0007742169814
455,#0df729,foo,59,64.64771067722583,93.92217855272347,239.64417855508572
456,#1e19db,foobar,51,14.53663011409926,40.174952697766486,342.9646905476215
457,#ce2712,foo,46,83.62262736824314,73.13563338995078,188.36182846844346
458,#0c1bcb,bar,56,59.7942657024777,54.97232845587885,288.7769914528587
459,#012ae2,foo,63,17.907409183101315,91.02030507531781,257.55194210847003
460,#d31829,foobar,70,54.533577681964296,-30.40149969115665,346.5033804290734
461,#e41d09,bar,72,83.93929089587354,10.79928629693743,309.91543399650783
462,#dd1808,foobar,35,45.94990783636162,-180.07312567480747,303.36057790705166
463,#1efc2e,bar,25,83.27871527162861,117.9712793931551,359.3677526396205
464,#2a21f0,foo,63,56.739931571727666,4.9994838908229156,187.71602156962928
465,#0227e1,bar,59,73.56503950676976,-57.506982900245134,316.01655715585207
466,#d12f05,foobar,57,71.02654776934125,86.315333919219,400.28812889464393
467,#14df2e,foobar,58,64.31705536771616,-35.96264246004692,378.14570193640446
468,#ce091d,bar,63,79.19467966517243,169.03868655150373,471.9404546453759
469,#1f2fca,foo,32,35.492975283001904,-25.638163312647507,120.98395895284554
470,#2c09fc,foobar,48,76.83329372543623,-67.39699837135974,416.94722449738845
471,#05d630,bar,77,76.14636377229576,-16.961036748685757,318.86138760100494
472,#2fec22,foo,60,19.3904602999101,59.43455197734914,171.20807911675408
473,#2b03f8,foobar,85,14.398954303884164,32.8756270609564,360.04073791517095
474,#090ff1,bar,57,63.76485327015047,184.77753741082924,540.9162645023193
475,#211cd9,foobar,32,48.58166376334856,19.764791249182156,346.3726138961848
476,#17ea01,foo,98,31.064363519025832,-78.22587662169377,144.06088690948704
477,#06fa28,foobar,61,72.9738264279401,52.85904539715737,401.3386851044879
478,#3007de,foobar,74,49.112880861492414,-1.8252540408311155,380.4396971966198
479,#112dc8,foobar,47,46.78914145093751,67.53964633619353,397.8904142463308
480,#f12a29,foo,30,34.13601602050395,-137.45356990680074,76.2582484813003
481,#d52b10,foobar,87,66.78134184099324,105.51350747924434,465.7791497124755
482,#23f817,foo,51,71.86114871899676,56.17008278148798,188.14075965861812
483,#0821e0,foo,89,58.32726637041762,-39.611790735086494,212.67704315345284
484,#07e12c,foobar,41,45.23682057426805,-89.56161791234692,324.80285027735096
485,#31fa20,foo,31,45.10015957027661,136.83415550415714,303.02932977659793
486,#ee1816,foo,51,35.11580780561537,4.919315084368385,95.23215415158576
487,#25fa15,foobar,54,73.2194445246407,-42.86676200796479,394.30667911911183
488,#ec0d12,bar,78,57.43978911824037,-180.6438474886231,260.96944903971985
489,#0d2fdb,bar,97,19.510456080154555,-53.015961948513656,241.37334217168265
490,#2fd42c,foobar,34,81.0565409022893,103.98514021934076,437.74717675880584
491,#220ece,bar,42,51.469571979678264,21.63328457699539,260.8331152953789
492,#03d40d,foobar,21,40.177820811120924,-44.97984710820357,301.5035047207972
493,#1321fe,bar,64,37.50244936452415,46.06165343838929,267.7964437284396
494,#090ccc,foobar,56,64.40982273545151,-84.95527986047135,397.0269959625765
495,#132fce,foobar,26,33.01248747070939,-76.4812248637597,310.13391663379326
496,#0ddf07,foobar,83,51.05635328154982,59.96976362429793,389.79654567380226
497,#3010e6,bar,66,85.89438922524064,-8.354883182454657,348.0766691918992
498,#c82a1e,foobar,71,50.409376103354575,20.90053816823187,339.7715675086098
499,#312fdb,foobar,89,29.275834828942983,74.79708662492011,445.033651031448
